{
  "description": "跳一跳小游戏项目配置文件",
  "setting": {
    "urlCheck": false,
    "es6": true,
    "postcss": true,
    "minified": true,
    "newFeature": true,
    "compileWorklet": false,
    "uglifyFileName": false,
    "uploadWithSourceMap": true,
    "enhance": false,
    "packNpmManually": false,
    "packNpmRelationList": [],
    "minifyWXSS": true,
    "minifyWXML": true,
    "localPlugins": false,
    "condition": false,
    "swc": false,
    "disableSWC": true,
    "babelSetting": {
      "ignore": [],
      "disablePlugins": [],
      "outputPath": ""
    },
    "disableUseStrict": false,
    "useCompilerPlugins": false
  },
  "compileType": "game",
  "libVersion": "latest",
  "appid": "wx03352ebbcab3a225",
  "projectname": "跳一跳",
  "condition": {
    "search": {
      "current": -1,
      "list": []
    },
    "conversation": {
      "current": -1,
      "list": []
    },
    "game": {
      "currentL": -1,
      "list": []
    },
    "miniprogram": {
      "current": -1,
      "list": []
    }
  },
  "simulatorPluginLibVersion": {},
  "packOptions": {
    "ignore": [],
    "include": []
  },
  "isGameTourist": false,
  "editorSetting": {}
}